prompt,contributor,comment
Review my Resume and Cover Letter in my Google Docs. Identify key achievements and strengths and suggest a revised LinkedIn profile summary and headline tailored to my target role. Recommend 3 YouTube tutorials on personal branding for LinkedIn.,@godofprompt,"From godofprompt.ai guide — trending because Gemini's Docs integration enables quick, personalized profile revamps."
"Analyze my Gmail for conversations labeled 'B2B Prospects' from the last 3 months. Rank threads by engagement and industry relevance, extract next-step recommendations, and draft prioritized follow-up messages.",@godofprompt,Popular sales workflow prompt from the godofprompt.ai list that leverages Gmail scanning to improve outreach.
"Summarize this email thread and extract all action items, assigned owners, and deadlines in bullet points.",@tomsguide,Tom's Guide daily-use prompt — trending for rapidly catching up on long email chains and getting clear actionables.
Look at this photo of my pantry (uploaded) and create three balanced dinner recipes using only the visible ingredients. For each recipe include missing-ingredient shopping list and estimated prep/cook time.,@tomsguide,Highlighted by Tom's Guide as a high-value visual-analysis prompt that turns images into practical meal plans.
"Act as a career coach: review the pasted resume and LinkedIn summary, list strengths and weaknesses, propose 3 tailored career paths, and give a 90-day action plan plus a concise cover letter for each path.",@trend-bot,Combines role-play and structured guidance trends (featured across user guides) for actionable career planning.
"Create a project timeline for '[project name]' with 8 key milestones, deadlines, dependencies, owners, and a short risk mitigation plan for each milestone.",@clickup,"ClickUp's productivity prompts are trending for project managers who want fast, structured timelines and risk analysis."
Rewrite the pasted paragraph in a more persuasive and concise tone for LinkedIn; preserve accomplishments and produce 3 alternative headline options.,@clickup,Common ClickUp prompt for polishing professional copy and headlines to boost engagement.
"Brainstorm 10 creative blog post ideas about [topic] for [target audience]; for each idea provide a short outline, suggested headline, and 2 SEO keywords.",@clickup,ClickUp's content-generation prompts are trending among marketers for fast idea-to-outline workflows.
"Convert these unorganized trip notes into a structured itinerary table with dates, times, booking links, estimated costs, and a packing checklist.",@google,Inspired by the Gemini API prompt gallery (trip recommendations) — trending for rapid travel planning and table structuring.
"Teach me quadratic equations: give a concise lesson, 5 practice problems of increasing difficulty, step-by-step solutions, and a short study plan to master the topic.",@google,From the Gemini API prompt gallery 'Math Tutor' example — trending among educators and learners for interactive lessons and practice sets.
Review my Resume and Cover Letter in my Google Docs. Identify key achievements and strengths; suggest a revised LinkedIn profile summary and headline tailored to [industry]; recommend YouTube tutorials on personal branding to improve my online presence.,@trend-bot,Popular business prompt for LinkedIn/profile optimization; inspired by godofprompt.ai's Gemini examples.
"Analyze my Gmail labeled 'B2B Prospects' from the last 3 months. Rank conversations by engagement and industry relevance, extract key insights, and provide prioritized follow-up templates.",@trend-bot,Trending for sales teams to prioritize leads and action items; based on examples in the godofprompt.ai guide.
"Scan my Gmail for customer emails from the last week. Summarize each thread, prioritize by urgency and business impact, and draft suggested replies for the top three.",@Tomsguide,Email triage and reply-drafting is a high-value daily workflow highlighted by Tom's Guide.
"Create a project timeline for [project name] with [N] key milestones, deadlines, dependencies, resource assignments, and a short risk mitigation plan.",@ClickUp,Productivity staple from ClickUp's prompt list; widely used to standardize project planning.
"Give me 10 blog post ideas about [topic] for [target audience], provide suggested headlines and primary keywords, and include a 300-word outline for the top idea.",@ClickUp,High-demand content marketing prompt for idea generation and SEO-focused outlines; popular in ClickUp's recommendations.
"Rewrite the following text: [paste text]. Convert it to a [professional/casual/persuasive] tone suitable for [platform], shorten to X% length, and produce a 2-line subject/preview.",@ClickUp,Common content polishing prompt for adapting tone and length across channels; recommended in productivity guides.
"Act as an expert [role, e.g., career coach/marketing consultant]. Based on this situation [describe], give structured advice and a 6-week action plan with measurable milestones.",@Tomsguide,"Role-playing prompts provide personalized, actionable plans; frequently cited by Tom's Guide users."
"Convert this natural-language constraint into a regular expression: [describe pattern]. Provide the regex, a brief explanation, and 5 example test strings (matches and non-matches).",@googleai,Developer-focused prompt from the Gemini API prompt gallery; trending for fast regex generation and explanations.
"Given this Python function [paste code], generate comprehensive unit tests covering edge cases, list its time complexity, and suggest targeted optimizations to improve performance.",@googleai,From the Gemini API cookbook — popular among developers for rapid test generation and complexity analysis.
"Translate this document [paste text] into [language], preserve the requested formality level ([formal/informal]), localize idioms, and note any cultural considerations or alternate phrasings.",@ClickUp,Widely used localization/translation prompt for professional documents; highlighted in productivity prompt collections.
"Review my 'Resume' and 'Cover Letter' in my @docs. Identify key achievements and strengths, suggest a revised LinkedIn summary and headline, and propose three tailored interview talking points.",@godofprompt,From GodOfPrompt guide — popular for job seekers using Gemini's Docs integration.
Summarize all mentions of educational or course-related expenses in my @gmail for the past year and provide an analysis of spending efficiency with recommendations to reallocate budget.,@godofprompt,Example from GodOfPrompt showing Gmail analysis — trending for personal finance and learning ROI.
"Analyze conversations labeled 'B2B Prospects' in my @gmail over the last 3 months. Rank by engagement and industry relevance, flag high-priority leads, and recommend follow-up messages.",@godofprompt,Trending for sales teams — pulls insights from Gmail to prioritize outreach.
"Convert these unorganized trip notes and receipts into a structured itinerary and expense table (date, activity, location, cost). Highlight scheduling conflicts and suggest optimizations.",@googleai,Inspired by Google AI prompt gallery (trip recommendations / table conversion) — useful for travel planning and RAG workflows.
"Give me 10 blog post ideas about [topic] tailored to [target audience], then outline a 500-word draft for the top idea with SEO keywords and a meta description.",@clickup,ClickUp's content/productivity prompts — widely used to speed content planning and writing.
Look at this photo of my pantry [upload image] and create three balanced dinner recipes using only items shown; include full recipes and a shopping list for missing ingredients.,@tomsguide,Tom's Guide favorite — practical multimodal prompt turning pantry images into meal plans.
Recreate this pet photo as a 16-bit video game character and place it into a 2D platform level; keep the pet's likeness and suggest character stats and abilities.,@googleai,From Google's Nano Banana examples — trending for creative image-to-concept transformations.
"Remove distracting elements from this photo (e.g., fences) and change ambient lighting to 'evening' while preserving natural skin tones and realistic shadows.",@navedits_,"Demo-style Nano Banana edit from YouTube — popular for quick, high-quality photo retouches."
"Merge these two images seamlessly: insert the hand holding a coffee cup into the foreground of the landscape photo; match lighting, shadows, and color grading; provide a step-by-step edit log.",@mashable,Mashable-recommended compositing prompt — trending for advanced image merges that require realistic lighting.
"Summarize the key points from this long email thread and draft a concise reply that addresses outstanding questions and next steps, with two suggested subject-line options.",@trend-bot,Common daily-use prompt (noted in reviews) — saves time catching up and replying to long email chains.
Upload a photo of my pantry and create three balanced dinner recipes I can make with what's on these shelves; include step-by-step instructions and a shopping list for missing ingredients.,@trend-bot,Practical multimodal prompt highlighted by Tom's Guide for everyday use — trending for its utility.
"Here’s a picture of my living room — suggest three design makeovers (minimal, cozy, modern) and provide shopping lists with estimated costs for each style.",@trend-bot,Common user prompt for interior redesign using image understanding; popular in guides and reviews.
Turn this photo into a 16‑bit video game character and place the character in a level of a 2D platform video game.,@trend-bot,Example from Google's Nano Banana demos — trending for creative image-to-concept edits.
"Remove the fence and distracting elements from this wildlife photo, restore natural background and preserve the animal's fur/texture details.",@navedits,"Inspired by NavEdits' Gemini Nano Banana tutorial — simple, high-impact image-edit prompt that's trending on YouTube."
Create a riveting 9‑part visual story with these two protagonists and their adventures; convey the entire narrative purely through imagery (no text on images).,@trend-bot,Taken from Google blog Nano Banana examples — trending for multi-image storytelling and sequential image generation.
"Convert this recipe or photo of ingredients into structured JSON following schema {ingredients[], steps[], cook_time, servings, notes}.",@trend-bot,Matches Gemini API 'Recipe to JSON' gallery entry — popular for automation and integration workflows.
"Scan my Gmail for the past year and summarize all mentions of educational or course-related expenses, then analyze spending trends and suggest budget optimizations.",@trend-bot,From business prompts collections (godofprompt.ai) — trending as users leverage Gemini to analyze personal data across accounts.
Summarize the key points and action items from this email thread and draft a concise reply that prioritizes the most urgent items.,@trend-bot,Everyday productivity prompt (Tom's Guide) — trending for saving time on long email chains.
"Given this Python function, identify its time complexity, propose concrete optimizations, and generate unit tests covering edge cases.",@trend-bot,From Gemini prompt gallery (time complexity + unit testing) — popular with developers using Gemini for code review and testing.
"Act as a creative director and brainstorm 10 innovative marketing campaign ideas for a sustainable fashion brand targeting Gen Z; include a tagline, target audience segment, and key messaging for each idea.",@trend-bot,"Reflects trending creative/business prompts (aiworkeditprotips) — widely used for fast, actionable marketing ideation."
"Analyze this Gmail thread and summarize key action items, participants, and suggested replies.",@trend-bot,Trending for email triage and productivity (Tom's Guide & godofprompt examples).
Look at this photo of my pantry [upload image] and create three balanced dinner recipes with a shopping list for missing ingredients.,@trend-bot,Popular multimodal use — image→recipes for quick meal planning (Tom's Guide).
"Review my resume and cover letter in my linked Google Doc; identify top achievements, suggest a revised LinkedIn headline and a tailored cover letter paragraph.",@trend-bot,Career-optimizing prompt surfaced in business prompt lists (godofprompt article).
"Given this project code, generate pytest unit tests covering edge cases, include test descriptions and expected outputs.",@trend-bot,Developer favorite from Gemini prompt gallery for speeding up testing and QA.
"Convert these unstructured travel notes into a structured itinerary table with dates, times, reservations, and recommended restaurants.",@trend-bot,Structured-data conversion prompts are trending for planning and RAG workflows (Gemini prompt gallery).
"Act as a senior marketing strategist: brainstorm 10 multichannel campaign ideas for a sustainable fashion brand, include taglines, target audience, and KPIs.",@trend-bot,Marketing and campaign brainstorming remains highly shared across prompt guides (AIWorkEdit/Jackros).
Play the role of a math tutor and teach quadratic equations step-by-step with 5 practice problems and fully worked solutions at a beginner level.,@trend-bot,Education and tutoring prompts are trending for stepwise learning (Gemini gallery 'Math Tutor').
"Using this uploaded image, create a 6-panel comic storyboard showing a short story featuring the subjects, with visual style and panel captions (no dialog).",@trend-bot,Inspired by Gemini Nano Banana image-to-comic and YouTube tutorials illustrating multimedia storytelling.
"Analyze my Gmail for customer support emails in the last 30 days, cluster by issue type, and produce a prioritized follow-up action plan with suggested responses.",@trend-bot,Business analytics + Gmail integration prompts are trending for sales/support workflow automation (godofprompt).
"Turn this product photo into three e‑commerce-ready images: white-background hero, lifestyle shot, and close-up detail; provide editing steps and SEO-friendly alt text.",@trend-bot,E‑commerce & product photography prompts are hot for creators using Gemini's image-editing features (jackros/Gemini gallery).
"Create a JSON recipe from this uploaded image following schema: title, ingredients[], steps[], cook_time, servings, nutrition{}, and output only valid JSON.",@google-ai,From the Gemini prompt gallery — trending for multimodal extraction and structured outputs.
"Add pytest-compatible unit tests for the following Python function: [paste function]. Include edge cases, mocks for external calls, and brief explanations for each test.",@google-ai,"Inspired by the Gemini Prompt Gallery's developer-focused examples (unit testing), popular with engineers."
"Generate 8 product ideas for my pet accessory company based on current industry trends; for each idea include target customer, estimated price point, key features, and a 3-line marketing angle.",@upwork,From Upwork's list of practical Gemini prompts — trending among entrepreneurs and marketers.
"Summarize all mentions of educational or course-related expenses in my Gmail for the past year, provide a monthly spend breakdown, top vendors, and recommendations to optimize learning spend.",@godofprompt,Cited in godofprompt.ai as a popular Gemini Extensions prompt for personal finance and Gmail analysis.
"Turn my uploaded photo into a 6-panel comic storyboard: provide panel descriptions, short captions, visual style (inked, halftone, color palette), and dialogue snippets while preserving the subject's facial features.",@navedits,From Nano Banana/YouTube trend — widely used for viral comic-style image edits and storyboarding.
"Change the ambient lighting of my uploaded photo to golden-hour evening: apply warm tones, soft lens flare, subtle film grain, and a cinematic color grade while keeping natural skin tones.",@navedits,"NavEdits video trend — popular for quick, cinematic photo transformations in Gemini Nano Banana."
"Create an ultra-realistic portrait: young man in a dark turtleneck, professional studio lighting, 85mm lens depth of field, neutral gray background, high-resolution DSLR look.",@jackros,Listed among JackRos's 'Top 10 Trending Gemini Prompts' for photorealistic image generation.
"Transform my selfie into a retro Bollywood movie poster with marigolds, diyas, vintage typography, film grain, warm color palette, and a 1970s cinematic composition.",@quillbot,QuillBot and trend guides highlight retro Bollywood edits as a viral Nano Banana prompt.
"Analyze my emails labeled 'B2B Prospects' from the last 3 months, rank conversations by engagement and industry relevance, extract top objections, and suggest prioritized follow-up templates.",@godofprompt,From godofprompt.ai — trending among sales teams using Gemini for CRM/email triage and outreach.
"Generate a hyper-realistic cinematic photo of the uploaded person seated at an outdoor Starbucks terrace holding a cup with '[YOUR NAME]' handwritten on it, preserving the face exactly and matching outfit/pose details.",@ecovlog,"Taken from a popular Eco Vlog YouTube prompt — viral for personalized, brand-aware photo edits."
"Ultra-realistic portrait of a young man wearing a dark turtleneck sweater, professional studio lighting, 85mm lens depth, neutral gray background, high-resolution DSLR look.",@trend-bot,From Jackros' trending image-prompt list — widely used for photorealistic Gemini image generation.
"Romantic couple standing in a sunflower field during sunset, cinematic lighting, soft lens flare, warm tones, realistic skin texture, 8K HDR look.",@trend-bot,"Jackros / trend lists: popular for cinematic, high-detail couple portraits."
"Remove fences from uploaded photo and seamlessly reconstruct background; preserve subject, maintain realistic lighting and shadows.",@navedits_,"Demonstrated in NavEdits video — trending for fast, practical Gemini image edits (background cleanups)."
"Convert this recipe (image or text) into structured JSON following schema: {title, ingredients:[{name,quantity,unit}], steps:[{step_number,description}], servings, cook_time}.",@trend-bot,From Google AI Gemini prompt gallery — trending for structured data extraction (Recipe → JSON).
"Teach me a lesson on quadratic equations: explain the concept, show derivations, provide 5 practice problems with step-by-step solutions, and produce a one-page cheat sheet.",@trend-bot,Gemini prompt-gallery 'Math Tutor' — trending for education and tutoring workflows.
"Create unit tests for the following Python function: [paste function]. Include pytest fixtures, edge-case tests, and explain assumptions behind each test.",@trend-bot,Gemini API cookbook 'Unit Testing' example — trending among developers for automated test generation.
"Generate 10 blog post ideas related to [topic] that are engaging for [target audience]; include suggested headlines, target keywords, and a one-sentence synopsis for each.",@trend-bot,Common ClickUp/Upwork productivity prompt — trending for content brainstorming and SEO planning.
"Write three concise and persuasive product descriptions for [product name], each 40–60 words, highlighting [key feature 1] and [key feature 2], optimized for e-commerce.",@trend-bot,"Popular marketing prompt (ClickUp/Upwork) — trending for quick, ready-to-publish product copy."
"Draft five compelling email subject lines for a marketing campaign promoting [product/service], tailored to increase open rates for [audience], and explain why each works.",@trend-bot,High-ROI marketing prompt from productivity guides — trending for improving email performance.
"Create a six-panel comic storyboard from this headshot: provide panel descriptions, camera angles, dialogue, captions, and style notes while preserving the subject's likeness.",@navedits_,From NavEdits tutorial on Gemini image-to-story workflows — trending for turning photos into comics or storyboards.
"Convert unstructured trip notes into a day-by-day itinerary table with columns: date, time, activity, transport, lodging, estimated cost, and a short packing checklist for each day.",@GoogleAI,From the Gemini Prompt Gallery — trending for travel planning and structured-output use.
"Analyze this email thread and summarize key decisions, action items, owners, deadlines, and provide a concise suggested reply and subject line.",@trend-bot,Popular productivity prompt highlighted by Tom's Guide for quickly catching up on long threads.
Create 5 SEO-optimized blog post titles for [TOPIC] and provide a 300-word outline for the top-performing title with suggested keywords and meta description.,@trend-bot,From marketing prompt lists (Upwork); trending for content creators and marketers.
"Act as a math tutor: explain quadratic equations step-by-step, show 3 solved examples, and generate 10 practice problems with answers and difficulty tags.",@GoogleAI,Seen in the Gemini Prompt Gallery (Math Tutor) — widely used by educators and learners.
"Given this code snippet, identify its time complexity, suggest optimizations, refactor it for clarity, and provide pytest unit tests covering edge cases.",@trend-bot,"Developer-focused prompt from Gemini cookbook items (time complexity, unit testing); trending with engineers."
"Look at this photo of my pantry [upload image] and create three balanced dinner recipes using only visible ingredients, plus a shopping list for missing items and cook time estimates.",@trend-bot,"Feature showcased in Tom's Guide and Upwork examples — high engagement for multimodal, everyday help."
"Rewrite the following text in a [tone: professional/casual/persuasive], tailored to [audience], preserving facts but reducing length to X words; provide a one-sentence subject line.",@trend-bot,Common editing prompt from Upwork and productivity guides — trending for email and copy editing.
"You are an expert product designer: brainstorm 10 sustainable fashion product ideas for Gen Z, each with a tagline, target persona, estimated BOM cost, and one launch channel.",@trend-bot,From AIWorkEditProTips creative/industry-specific prompts — trending for startups and marketers.
"Convert this recipe image into structured JSON using the schema {title,ingredients:[{name,quantity,unit}],steps:[{step,description}],prep_time,cook_time,servings}.",@GoogleAI,Recipe-to-JSON example from the Gemini Prompt Gallery — popular for app developers and data ingestion.
"Generate 10 cinematic portrait prompts for image generation: include lens (eg. 85mm), lighting (golden hour/studio), mood, clothing, and location; each prompt under 30 words.",@jackros,Inspired by JackRos and YouTube trending Gemini image-prompt lists — widely used by creators for consistent image outputs.
"Convert the photo of this recipe into a validated JSON object following this schema: {title,string; ingredients: [{name,string; quantity,string}]; steps:[string]; cook_time:string; servings:int}. Include detected ingredients and normalize units.",@trend-bot,From the Gemini prompt gallery ('Recipe to JSON') — trending for structured multimodal extraction and cookbook apps.
"Teach me quadratic equations step-by-step: start with definitions, derive the quadratic formula, solve 3 example problems (integer, fractional, and word problem), and provide 5 practice questions with answers.",@trend-bot,"Directly inspired by Gemini gallery 'Math Tutor' — popular for educators and students seeking clear, worked examples."
"Add comprehensive pytest unit tests for the following Python function (paste code). Include edge cases, parameterized tests, and mocking where needed; explain each test's intent.",@trend-bot,Based on Gemini API cookbook 'Unit Testing' — trending among developers automating test generation and code quality.
"Edit my uploaded photo: remove fences and distracting elements, change ambient light to an evening golden-hour mood, preserve the subject's face and clothing textures, and produce a photorealistic composite with natural shadows.",@NavEdits,"From NavEdits YouTube demo of Gemini Flash edits — trending for quick, Photoshop‑level image retouching via simple prompts."
"Generate 10 marketing campaign ideas for a sustainable fashion brand targeting Gen Z; for each idea include a one-line tagline, primary channel, estimated budget tier, and ideal influencer persona.",@trend-bot,Matches Upwork/aiworkedit tips for marketing prompts — trending as brands use Gemini for fast creative ideation.
"Summarize all Gmail conversations labeled 'B2B Prospects' from the last 3 months: rank threads by engagement, extract next-step recommendations for each, and create a prioritized outreach sequence.",@trend-bot,From godofprompt/godofprompt.ai examples — trending for sales teams using Gemini to triage and action email pipelines.
"Act as a personal development coach and create a detailed 6-month plan to learn data science: daily/weekly habits, milestone projects, curated learning resources, assessment checkpoints, and a motivation/accountability plan.",@trend-bot,"Derived from 'Personal Development' prompts in trending guides — popular for learners who want structured, realistic roadmaps."
"You are an expert data scientist with 10 years' experience. Explain overfitting to a junior developer: define it, show examples with simple code, offer diagnostic tests, and list 5 practical strategies to avoid it.",@trend-bot,"Reflects role-based and chain-of-thought prompting recommended in multiple guides — trending for clear, domain-specific teaching."
"Create an 8K ultra‑realistic cinematic portrait prompt for Gemini image generation: specify camera lens (85mm), lighting (golden-hour rim light + soft fill), wardrobe (dark turtleneck + gray checked blazer), mood (intellectual, reflective), background (city skyline at dusk), and desired post-processing (film grain, subtle vignette).",@EcoVlog,"Echoes multiple trending image prompts (JackRos, Eco Vlog) for high-quality, editorial-style AI portraits — widely shared among creators."
"Analyze this research paper (paste link or text): summarize the methodology, identify key assumptions, evaluate statistical validity, list limitations, and propose 3 follow-up experiments or analyses.",@trend-bot,Based on Gemini 'Research Assistant' and Upwork examples — trending with researchers and students for rapid literature analysis.
"Convert this recipe image to JSON following this schema: {title, ingredients:[{name,quantity,unit}], steps:[step], prep_time, cook_time, servings, nutrition}. Output ONLY valid JSON and flag any missing data.",@googleai,Gemini API Prompt Gallery example — trending for multimodal structured outputs and recipe automation.
"Transcribe this audio file with speaker diarization and timestamps for each turn; label speakers as Speaker 1, Speaker 2, etc., and provide a 3-sentence summary and list of unanswered questions.",@googleai,"From Gemini API examples — highly used for meetings, interviews, and podcast workflows."
"Generate a hyper-realistic cinematic photo of the uploaded person preserving the face exactly as in the selfie: they sit at an outdoor cafe table holding a coffee cup with [YOUR NAME] handwritten on it, wearing a beige linen shirt, slim black trousers, white sneakers; background: sunlit urban street with blurred people and a visible Starbucks logo; 8K, natural skin tones, realistic shadows.",@EcoVlog,YouTube trending prompt (Eco Vlog) — viral for photorealistic image edits that keep face fidelity.
"Change the ambient light of this uploaded photo to evening: add a warm golden-hour glow, subtle soft lens flare, deepen shadows slightly, preserve skin tones and original composition.",@NavEdits,From NavEdits YouTube — simple ambient-light edits are widely shared and trending for quick photo transformations.
"From this headshot, create a 6-panel comic storyboard with brief panel descriptions, camera framing, color palette, and concise dialogue for each panel; include a short logline and suggested caption for social sharing.",@NavEdits,Popular image-to-story prompt seen in tutorials — trending for generating multi-panel comics from a single image.
"Generate 10 product ideas for my pet accessory company based on current industry trends; for each idea include target customer, suggested price point, three key features, and one marketing tagline.",@upwork,From Upwork's productivity prompts — trending among founders and marketers for idea generation and quick validation.
"Summarize this email thread: list key decisions, outstanding action items with owners and deadlines, and draft a concise reply I can send to close the loop.",@tomsguide,Recommended by Tom's Guide — high-value productivity prompt used daily for email triage and meeting follow-ups.
Rewrite the following text in a [professional|casual|persuasive] tone and shorten to [word_count] words; preserve meaning and provide three alternative subject lines and a one-sentence summary.,@upwork,Widely used editing/tone prompt (Upwork & guides) — trending for fast content polishing and A/B subject line ideas.
Convert this natural-language constraint into a single regular expression and explain briefly what it matches: [describe constraint]. Provide two example matching strings and one non-matching string.,@googleai,'Regexed' prompt from Gemini prompt gallery — popular with developers for generating and understanding regex quickly.
"Act as a personal development coach and create a 6-month action plan to learn data science from scratch: weekly milestones, daily habits, curated resources (courses/books), three project ideas, and assessment checkpoints.",@aiworkeditprotips,From AIWorkEditProTips — trending for structured learning plans and goal-oriented study workflows.
"Convert the following unorganized travel notes into a structured itinerary table with columns: date, city, activities, hotel, transport.",@googleai,From Gemini API prompt gallery — trending for structured-output/automation tasks.
"Teach me quadratic equations with step-by-step explanations, illustrative examples, and four practice problems with full solutions.",@googleai,Popular 'Math Tutor' prompt in the Gemini prompt gallery used by educators and students.
"Edit my uploaded photo: remove fences and distracting elements, change ambient light to golden hour, enhance colors, and add a subtle cinematic glow.",@navedits_,Viral Flash 2.5 photo-editing prompt popularized by NavEdits YouTube demos.
"Using the uploaded face reference, generate a hyper-realistic cinematic portrait (85mm look, shallow depth of field, studio lighting) preserving facial features and natural skin texture.",@jackros,Trending professional portrait prompt from Jackros's 2025 Gemini image prompt list.
Generate a hyper-realistic cinematic photo of the uploaded person seated at an outdoor café holding a coffee cup with '[YOUR NAME]' handwritten on it; preserve face exactly and apply warm golden-hour lighting.,@ecovlog,Detailed selfie-to-cinematic prompt that trended on Eco Vlog / YouTube.
Give me 10 blog post ideas about [topic] for [target audience]; for each idea provide a 1-sentence summary and 3 SEO keywords.,@ClickUp,From ClickUp's Gemini prompts — widely used for content brainstorming and productivity.
"Write a LinkedIn job post for a remote content writer at a SaaS company: include role summary, responsibilities, required qualifications, salary range, and two screening questions.",@Upwork,Common hiring prompt from Upwork resources used by recruiters and freelancers.
"Analyze this business problem step-by-step: identify core issues, propose 5 solutions with pros/cons, and recommend an implementation plan with milestones and timeline.",@aiworkeditprotips,Chain-of-thought / role-based prompt popular among advanced prompt engineers (source: AIWorkEditProTips).
"Summarize the latest research on [topic] in 300 words: list key findings, limitations, and provide 3 reliable citations with links.",@Cashify,Trending research & summarization prompt referenced in Cashify and other how-to guides for quick briefs.
"Convert this recipe text into JSON with fields: title, ingredients (name, quantity, unit), steps, prep_time, cook_time, servings; return valid JSON only.",@googleai,Recipe-to-JSON example from the Gemini API prompt gallery / cookbook for structured data extraction.
"Convert a photo of a recipe into a JSON object with fields: title, ingredients[], steps[], servings, cook_time, nutrition{calories,protein,fat,carbs}",@googleai,From Gemini API prompt gallery — trending for structured recipe extraction from images
"Generate 10 product ideas for a pet accessory company based on current industry trends, target audience, price range $10-$50, and sustainable materials",@upwork,Example from Upwork's Gemini prompts — popular with startups and marketers
"Give me 10 blog post ideas related to [topic] that are interesting and engaging for [target audience], and include suggested keywords and 3 headline options",@clickup,ClickUp productivity prompt — widely used to overcome writer's block and plan content
"Create a cinematic portrait: 'Action Hero Spotlight' — hero shot, 85mm lens, orange-teal color grade, dramatic rim light, shallow depth of field, 16:9",@PromptWorld,PromptWorld's trending image recipe — viral for thumbnails and promotional key art
"Edit this photo: remove fences, replace background with a neon cityscape, change ambient light to evening, maintain natural skin tones",@NavEdits,From NavEdits demo — reflects Gemini Flash image-edit prompts trending for quick photo transformations
"Write a 7-tweet thread on [topic] that builds curiosity, delivers practical value in each tweet, and ends with a CTA to follow",@aihustleguy,AI Hustle Guy's high-performing content prompt — creators use it to boost engagement
"Ultra-realistic portrait of a young man wearing a dark turtleneck, professional studio lighting, 85mm DSLR look, neutral gray background, high-resolution",@jackros,Listed in Jackros's top Gemini photo prompts for 2025 — popular for professional portrait generation
Summarize the key arguments and conclusions of this report [paste link]; provide a 5-point executive summary and 3 recommended actions,@upwork,"Upwork research prompt — trending for fast executive summaries of long reports (e.g., IPCC/fed reports)"
"Develop a checklist for [task] to ensure consistency and minimize errors; include priority levels, estimated time, and responsible role for each step",@clickup,ClickUp workflow prompt — commonly used to standardize team processes and reduce friction
Translate this text into English preserving tone and idiomatic expressions; provide a one-sentence plain-English summary and list of key named entities,@cashify,Cashify highlights Gemini's multimodal translation and analysis — useful for cross-language workflows
"Convert this recipe (image attached) into JSON following this schema: {title, ingredients:[], steps:[], prep_time, cook_time, servings, notes}",@googleai,From Gemini Prompt Gallery — trending for multimodal recipe-to-JSON conversions.
"Teach me a lesson on quadratic equations for a high‑school student: include definitions, step‑by‑step solved examples, 5 practice problems with answers, and a one‑paragraph summary.",@googleai,Featured in the official prompt gallery as a top educational prompt.
"Edit this photo: remove fences, change ambient light to 'evening', add a soft film grain, change hair to long curly, and replace background with a neon cityscape — list each edit made.",@navedits,"Inspired by a viral NavEdits Gemini tutorial showing simple, powerful image-edit prompts."
"Write a 500-word blog post about [topic] for [audience] with SEO-friendly headings, meta description, and a closing CTA to subscribe.",@clickup,"ClickUp’s productivity list — popular for fast, publishable content generation."
"Create a cinematic portrait prompt for image generation: 'Ultra‑realistic hero shot, 85mm lens, dramatic rim light, orange‑teal color grade, shallow depth of field, high‑resolution, subtle film grain'.",@promptworld,PromptWorld’s cinematic portrait trend — widely reused for YouTube thumbnails and thumbnails.
"Describe a neon cyberpunk night walk scene with sensory detail, camera framing, lighting cues, three caption options, and color palette suggestions.",@promptworld,Cyberpunk aesthetic is a top viral image/text combo prompt for creators.
"Write three concise, persuasive e‑commerce product descriptions for [product name], each 30–50 words, highlighting [feature1] and [feature2], with one SEO title and two short taglines.",@jackros,JackRos list of trending Gemini photo/product prompts adapted for e‑commerce copy.
"Write a 7-tweet thread on [topic] that builds curiosity, delivers actionable value, and ends with a clear CTA to follow and retweet.",@aihustleguy,From AIHustleGuy's creator stack — trending for rapid social growth and engagement.
"Summarize the key findings and methodology of this research article [paste link], list 3 strengths, 3 limitations, and propose 5 follow-up research questions.",@upwork,Upwork’s prompts for research assistants — popular for fast literature synthesis.
"Translate the following text into English, preserving tone, idioms, and cultural context; provide three alternative phrasings for different formality levels: [text].",@cashify,Cashify and other guides highlight translation + style preservation as a high‑use Gemini prompt.
"Write a 7-tweet thread on [topic] that builds curiosity, delivers real value, and ends with a CTA to follow.",@aihustleguy,Viral thread formula from '25 Gemini Prompts for FAST Content Creation' — popular for rapid audience growth.
Give me 10 blog post ideas related to [topic] that are interesting and engaging for a [target audience].,@ClickUp,Classic idea-generation prompt from ClickUp used widely to overcome writer's block and spark content calendars.
"Rewrite this article/text [paste] in a more concise and persuasive tone for LinkedIn, keeping key points and adding a 2-sentence hook.",@ClickUp,Platform-specific repurposing prompt from ClickUp — trending as creators optimize long-form for social.
"Generate three concise and persuasive product descriptions for [product name], each highlighting a different key benefit and target persona.",@trend-bot,E‑commerce copy prompt trending as users pair Gemini text with image outputs for product listings.
Turn this long client report into a one-page executive summary with three bullet-point action items and a suggested timeline.,@Upwork,Productivity/consulting prompt popular in Upwork guides for fast deliverables and client-ready summaries.
"Create a 500-word how-to guide on [topic] with step-by-step instructions, a short intro, and a 3-point checklist at the end.",@trend-bot,High-demand content-generation prompt found across multiple Gemini prompt collections for practical guides.
"Draft a friendly, professional outreach email to [role] about [opportunity]; include 5 subject-line variations and a 2-sentence cold opener.",@cashify,"Email-writing prompt trending for recruiting, sales, and pitching workflows (referenced in consumer guides)."
"I will upload an image — after it's added, describe the five most salient objects and suggest three creative edits or captions for social media.",@navedits,Inspired by NavEdits' Gemini image-editing video — multimodal prompt trending for social content creation.
"Convert this recipe text or uploaded photo of ingredients into a JSON object following schema: {title,ingredients:[{name,qty,unit}],steps:[{step}],cook_time,servings}.",@GoogleAI,Directly from the Gemini API Prompt Gallery ('Recipe to JSON') — popular for structured data and cooking apps.
"Act as a math tutor: explain quadratic equations in simple terms, give 3 solved examples and 5 practice problems with answers.",@GoogleAI,Education prompt from the Gemini Prompt Gallery (Math Tutor) — trending for homework help and tutoring workflows.
"Convert a recipe into JSON following this schema: {title, ingredients: [{name, amount, unit}], steps: [{step_number, description}], prep_time, cook_time, servings, nutrition: {calories, protein, fat, carbs}} — output only valid JSON.",@trend-bot,"Based on Gemini Prompt Gallery's 'Recipe to JSON' — trending for meal apps, recipe parsers, and structured cooking workflows."
"Teach me quadratic equations: a concise lesson with 3 worked examples (step‑by‑step), 5 practice problems with solutions, and common student misconceptions to watch for.",@trend-bot,"From Gemini's Math Tutor examples — popular with educators and learners seeking structured, scaffolded lessons."
"Analyze this Python function (paste code): identify time complexity, point out bottlenecks, suggest optimizations, and provide rewritten code plus unit tests.",@trend-bot,Combines 'Time complexity' and 'Unit Testing' prompts from the Gemini gallery — trending among developers for rapid code review and fixes.
"Create a 30‑day social content calendar for [product] targeting [audience]; include daily captions, suggested image prompts, hashtags, and recommended posting times.",@trend-bot,Marketing/creator prompt often shared in prompt libraries — trending as brands automate content planning and cross‑platform posts.
"Summarize this research paper (paste link): extract hypothesis, dataset, methodology, key results, limitations, and propose 3 follow‑up experiments.",@trend-bot,A Research Assistant pattern from Gemini guides — trending for fast literature reviews and experiment ideation.
"Convert these messy trip notes into a structured table with columns: day, location, activities, transport, lodging, estimated budget — output as CSV.",@trend-bot,Inspired by Gemini's 'Trip recommendations' and table conversion examples — popular for travel planning and itinerary generation.
"Write three variants of a professional outreach email to partner with [company]: formal, friendly, and concise; include subject lines and a one‑sentence CTA for each.",@trend-bot,"From Upwork/Cashify-style prompts — trending for freelancers and salespeople who need quick, ROI‑focused copy."
"You are an expert data scientist. Explain overfitting to a junior developer using an intuitive analogy, a short math description, a tiny visualization or plotting code, and 4 mitigation strategies with sample code.",@trend-bot,Role‑based prompting + chain‑of‑thought — widely used for technical teaching and reproducible explanations.
"Solve this complex business problem step‑by‑step: identify root causes, list 3 solution options with pros/cons, pick a recommended approach and give a 90‑day implementation plan with milestones and KPIs.",@trend-bot,Chain‑of‑thought / decomposition prompt recommended in prompt engineering guides — trending for strategy and consulting workflows.
"Brainstorm 20 product ideas for a pet accessory company based on current market trends; for each idea include target persona, revenue model, estimated price point, and a one‑line marketing hook.",@trend-bot,"From Upwork-style ideation prompts — high demand among founders and product teams looking for quick, actionable concepts."
"Convert this recipe or uploaded dish photo into a JSON object with fields: title, ingredients (name,quantity,unit), steps (ordered), cook_time, servings, and optional nutrition; include a JSON Schema and one filled example",@GoogleAI,From Gemini prompt gallery 'Recipe to JSON'—trending for multimodal structured outputs.
"Act as a math tutor: teach me quadratic equations step-by-step, include solved examples, common mistakes, and 5 practice problems with answers",@GoogleAI,Gallery 'Math Tutor' is popular for interactive learning and homework help.
"Given this Python function (paste code), generate pytest unit tests covering normal cases, edge cases, and explain any assumptions; include fixtures and mock examples",@GoogleAI,Unit testing prompt from the API cookbook—widely used by devs to speed QA.
Convert this natural-language constraint into a regular expression and explain each part: [describe constraint],@GoogleAI,'Regexed' prompt from the Gemini gallery—useful and trending for automation and validation tasks.
"Summarize this research paper (paste text or PDF): extract methodology, key results, limitations, and 3 suggested citations in APA format",@Upwork,Research-assistant style prompts (Upwork/Upstream guides) are trending for rapid literature synthesis.
"Generate 10 high-converting email subject lines for a [product/service] targeting [audience], and rank them by estimated open-rate rationale",@ClickUp,ClickUp productivity guides highlight subject-line generation as a top Gemini use for marketing.
"Rewrite this article for LinkedIn in a concise, persuasive tone preserving facts and ending with a clear 1-line CTA",@ClickUp,Content-rewriting prompts are viral for social repurposing and engagement optimization.
"Analyze this pasted CSV dataset: summarize key patterns, flag anomalies, produce 3 recommended visualizations and provide the plotting code (Python/Matplotlib or Vega-Lite)",@trend-bot,Data-analysis prompts are trending as users shift to asking Gemini to inspect raw data and output code.
"Act as a marketing writer: produce 3 ad headlines, a 30-word product blurb, and 3 short A/B test variations tailored to [platform] and [target audience]",@GoogleAI,From the 'Marketing writer' gallery prompt—widely used for rapid campaign ideation.
"Create 10 creative scavenger hunt clues for [age group/location], include difficulty levels, estimated time per clue, and any materials needed",@GoogleAI,'Scavenger Hunt' prompt in the gallery—trending for event planning and family activities.
"Create a cinematic portrait of a [person description], 85mm lens, golden-hour rim light, ultra-realistic skin texture, shallow depth of field, soft bokeh, 8K, moody color grade — specify outfit, expression, and background elements to iterate.",@PromptWorld,From PromptWorld's trending portrait prompts — popular for creating Netflix-style key art and high-drama social assets.
"Generate a neon cyberpunk street scene at night with rain-soaked reflections, dynamic orange-teal color grade, a lone hooded figure, volumetric fog, neon signage in multiple languages, high detail, cinematic composition.",@trend-bot,Cyberpunk/neon scenes are viral for music visuals and Reels (see PromptWorld trends).
"Convert this recipe image into a JSON object following schema: {title:string,servings:int,ingredients:[{name:string,quantity:float,unit:string}],steps:[{step:int,instruction:string,time_minutes:int}],notes:string}. Validate and return only JSON.",@trend-bot,Based on Google AI Prompt Gallery's 'Recipe to JSON' — trending for food apps and structured data workflows.
"You are an expert math tutor. Teach quadratic equations step-by-step with clear explanations, one solved example, 5 practice problems of increasing difficulty, and answers with brief solution notes.",@trend-bot,Inspired by Google AI Studio prompts (Math Tutor/Worksheet Generator) — widely used by educators and parents.
"Analyze this uploaded research paper and summarize: (1) methodology concisely, (2) key findings, (3) major limitations, and (4) three concrete follow-up experiments or studies to pursue.",@trend-bot,Reflects the 'Research Assistant' prompt from the Gemini prompt gallery — trending among researchers for quick literature triage.
"Write five high-converting ad headlines and three body-copy variations for a sustainable fashion brand targeting Gen Z; include suggested CTAs, tone descriptors, and two image concept briefs per ad.",@aiworkeditprotips,Marketing prompts (from AIWorkEdit/PromptWorld coverage) are trending because creators use Gemini to produce ready-to-run campaign assets.
"Given this Python function (paste below), generate pytest unit tests that cover normal cases, edge cases, and invalid inputs; include fixtures and clear assertions with brief comments.",@trend-bot,From Gemini API Prompt Gallery (Unit Testing) — popular with developers to speed up test coverage creation.
"You are a career coach. Draft a concise, customizable cover letter and a 2-paragraph professional summary tailored to this job posting: [paste job description]. Provide three optional tone variations (formal, friendly, concise).",@UpworkTeam,Based on Upwork's productivity/prompts collection — high demand for job-application helpers and customizable templates.
"Turn this short diary entry (paste below) into a 300-word polished short story with a surreal, introspective voice; keep original themes but change character names and avoid direct imitation of living authors.",@trend-bot,Storytelling prompts are trending (see AIWorkEdit/PromptWorld) for rapid fiction drafts and social-content hooks; note the safety guidance to avoid direct imitation.
"Act as a personal productivity coach. Analyze my pasted daily schedule and provide a prioritized 4-week plan with daily time blocks, three weekly habits, measurable milestones, and an accountability checklist.",@trend-bot,Personal-development and time-management prompts (Upwork/AI guides) are widely used to turn raw schedules into actionable plans.
"Teach me a lesson on quadratic equations: explain concepts step-by-step, show 3 worked examples, generate 8 practice problems of increasing difficulty with full solutions, and finish with a 5-question quiz and answer key.",@trend-bot,From Gemini prompt gallery — math tutor prompts are widely used by students and teachers.
"Convert this recipe (or an uploaded dish photo) into JSON following schema {title,ingredients:[{name,quantity,unit}],steps:[],cook_time,servings}; infer ingredients from the image when applicable.",@trend-bot,'Recipe to JSON' is a popular Gemini API example for structured outputs and multimodal prompts.
"Analyze the Python function below, identify edge cases, and produce pytest-compatible unit tests with clear assertions and sample inputs/outputs.",@trend-bot,Unit testing prompts from the Gemini prompt gallery are trending among devs for accelerating test coverage.
"Summarize this article/link: provide a 3-sentence executive summary, 5 actionable takeaways, and 3 suggested follow-up research questions or sources.",@Upwork,Upwork and productivity guides emphasize concise summarization + action items — a common Gemini use case.
"Generate 10 marketing campaign ideas for a sustainable fashion brand targeting Gen Z; for each include a tagline, primary channel, one influencer concept, estimated budget tier, and a KPI.",@trend-bot,Marketing brainstorm prompts trend because Gemini produces ready-to-run campaign concepts for creators and brands.
"Create a reusable cinematic portrait image prompt and 3 variations: 'Ultra-realistic portrait of a [subject], 85mm lens, cinematic lighting, orange-teal color grade, soft diffusion highlight, high-resolution DSLR look' — adapt for thumbnail/editorial/social.",@PromptWorld,From PromptWorld's trending prompt collection — cinematic portrait formulas are viral for image generation.
"Rewrite this draft email into a concise, professional message for a hiring manager; propose 3 subject-line options and a one-sentence follow-up template.",@trend-bot,"Email refinement prompts (from Upwork/Cashify guides) are heavily used for fast, polished communications."
"Act as an expert data scientist with 10 years' experience: explain overfitting in neural networks step-by-step, show detection tests, and give three remediation strategies with short code snippets.",@trend-bot,"Role-based prompts (expert personas) are a trending technique to elicit higher-quality, domain-specific answers in Gemini."
"Solve this business problem step-by-step: identify core issues, generate 5 solution options with pros/cons, recommend the best approach and produce a 6‑month implementation roadmap with milestones.",@trend-bot,Chain-of-thought and structured planning prompts are trending for strategic and consulting workflows.
"Analyze my uploaded image: list all identifiable objects with approximate counts, extract any visible text/brands, and give 5 caption/title options optimized for Instagram engagement.",@trend-bot,Multimodal image-analysis + social captions combine Gemini's vision and writing strengths — a frequent creator prompt.
"Convert a recipe image into a JSON object matching schema {ingredients, steps, cook_time, servings}.",@googleai,"From Gemini API Prompt Gallery — trending for structured, schema-based image→JSON outputs."
"Teach me quadratic equations step-by-step with explanations, example problems, and practice questions.",@googleai,Gemini gallery example — popular for interactive math tutoring and education use.
"Generate a hyper-realistic cinematic portrait of the uploaded person, preserving facial features from the selfie, 85mm look, warm golden-hour lighting, shallow depth of field.",@ecovlog,Pulled from trending YouTube prompts — widely used for face-preserving photoreal edits.
"Create a 6-panel comic storyboard from this headshot: stylized panels, short captions, scene directions, and a punchline.",@navedits,From NavEdits video — trending for turning single images into multi-frame narrative art.
"Night Walk in Neo-Tokyo: render a neon cyberpunk street scene, rainy reflections, lone figure, orange-teal grade, cinematic 16:9.",@promptworld,PromptWorld trend — popular for viral neon/noir visuals used in short-form video thumbnails.
"Floating tech showcase: minimalist product shot of earbuds on a pastel gradient, softbox lighting, remove dust and fingerprints.",@promptworld,"From PromptWorld — trending for e‑commerce creators needing clean, brand-ready product renders."
"Create a personalized 6-month data science learning plan with daily habits, weekly milestones, resources, and accountability checks.",@aiworkedit,From AIWorkEditProTips — trending for career upskilling and structured learning prompts.
Summarize this long report into a one-page executive summary with key findings and a 3-point action plan.,@upwork,From Upwork prompt collection — trending for productivity and rapid decision-ready summaries.
"Write 10 innovative marketing campaign concepts for a sustainable fashion brand targeting Gen Z; include a tagline, target audience, and channels.",@aiworkedit,From AIWorkEditProTips — trending among marketers for fast creative briefs and campaign seeds.
"Convert unorganized travel notes into a structured itinerary table with dates, locations, accommodations, transport, and budget estimates.",@googleai,Gemini gallery-inspired 'trip recommendations' prompt — trending for travel planning and data structuring.
"Convert this recipe image into JSON following schema {ingredients:[{name,quantity,unit}],steps:[{step_number,description}],cook_time,servings}; preserve quantities and detect units.",@trend-bot,From Google AI prompt gallery — trending for Gemini's multimodal structured-output abilities
"Act as a math tutor: teach quadratic equations with step-by-step explanations, show 5 worked examples, then generate 10 practice problems with solutions and difficulty labels.",@trend-bot,Popular educational prompt from the gallery for stepwise teaching and practice generation
"Analyze this code: identify its time complexity (Big-O), suggest concrete optimizations, and provide an improved code sample with before/after performance estimates.",@trend-bot,Trending among developers to quickly optimize algorithms using Gemini
Write 5 catchy ad headlines and 3 short ad copy variations for [product name] targeting [audience]; include A/B test ideas and suggested CTAs.,@trend-bot,Widely used prompt pattern in marketing workflows (gallery + PromptWorld tips)
"Transcribe this audio file with speaker diarization, timestamps, speaker labels, and a concise 3-bullet summary of key points.",@trend-bot,High-demand prompt thanks to Gemini's diarization and multimodal transcription features
"Edit my uploaded photo: change ambient light to evening, preserve subject face/pose, replace background with a futuristic neon metropolis, and list the exact edit steps taken.",@NavEdits,From a NavEdits tutorial — trending with Gemini Flash image-editing workflows
"Create an ultra-realistic cinematic portrait prompt: '85mm, golden hour, soft diffusion, film grain, 8K HDR' and produce three variations optimized for YouTube thumbnail, Instagram post, and magazine cover.",@trend-bot,Reflects PromptWorld's cinematic-portrait trend that creators reuse for consistent aesthetics
"Develop a multi-channel marketing launch plan for a sustainable fashion brand in Europe: include influencer tiers, 12-week content calendar, KPIs, and a sample budget breakdown.",@trend-bot,Echoes trending agency prompts for campaign planning and measurable deliverables
"Convert this natural-language constraint into a regular expression that validates emails (with explanation and test cases), and highlight common edge cases.",@trend-bot,Based on the gallery 'Regexed' prompt — popular for dev tooling and validation tasks
"Act as a hiring interviewer: given this job description, generate behavioral and technical interview questions, a scorecard rubric, and model answers for top candidates.",@trend-bot,Common Upwork/HR prompt pattern — trending for streamlining hiring and consistent interviewer calibration
"Analyze the uploaded photo of a dish and convert it to JSON following this schema: {title:string,servings:int,ingredients:[{name,quantity,unit}],steps:[string],prep_time_minutes:int,cook_time_minutes:int}. Return only valid JSON.",@googleai,Official Gemini API gallery recipe-to-JSON prompt; trending for multimodal structured outputs.
"Edit my uploaded photo: remove fences and distracting objects, change ambient light to evening, replace background with a neon metropolis, preserve subject identity and realistic skin/hair blending.",@navedits_,"From NavEdits Flash 2.5 demo — simple photo-edit commands are viral for quick, high-quality edits."
"Create an ultra-realistic cinematic portrait prompt: 85mm lens, golden-hour rim light, shallow depth of field, soft diffusion highlights, neutral gray background, photorealistic skin texture, DSLR 8K detail.",@trend-bot,Cinematic portrait prompts dominate social feeds (PromptWorld) because outputs are thumbnail-ready.
"Generate a neon-noir city scene description suitable for image generation: rainy streets, reflective puddles, neon signs, lone figure silhouette, orange-teal color grade, cinematic composition, negative constraints: no extra characters, no logos.",@trend-bot,Cyberpunk/neon aesthetics are trending (PromptWorld) for music visuals and thumbnails.
Summarize this 10-page report into a 500-word executive summary with three prioritized action items and a 3-step implementation plan tailored for C-suite readers.,@upwork,Upwork's productivity prompt style — widely used for quick business distillation and decision-making.
"Act as an expert data scientist and explain overfitting step-by-step for a junior developer: define, show diagnostics to run, give three remediation strategies, and include simple pseudocode examples.",@trend-bot,Chain-of-thought and role-based prompts (AIWorkEditProTips) are trending for technical teaching.
"Write five high-converting ecommerce product descriptions (20–30 words each) for white sneakers, highlighting materials, comfort benefits, and targeting urban commuters; include one short tagline per description.",@jackros,E-commerce product prompts from JackRos and PromptWorld are popular for generating launch-ready copy.
"Using my selfie as a reference, create an 8-panel comic storyboard with 1–2 sentence captions per panel telling an origin story of a modern urban hero; keep character features consistent across panels.",@trend-bot,Video creators (Eco Vlog style) are trending with 'image-to-storyboard' prompts for short-form content.
"Produce a Y2K influencer portrait brief: butterfly clips, pastel gradient backdrop, subtle film grain, soft flash highlight, plus three caption options and five trending hashtags for Instagram.",@trend-bot,Y2K/retro aesthetics continue to trend (PromptWorld); prompts that pair imagery with captions get higher engagement.
"Draft a 150–200 word professional outreach email to a potential client for a freelance UX writing project: friendly tone, include two pricing tiers, deliverables list, and a clear call-to-action to schedule a call.",@trend-bot,Service outreach and freelance templates (Cashify/Upwork-style tips) are high-demand practical prompts.
"Convert this recipe image into JSON following schema: {title, ingredients[], steps[], servings, time_minutes, nutrition{calories,fat,protein}}.",@googleai,From Gemini API Prompt Gallery — multimodal Recipe to JSON is trending for structured data extraction.
"Remove fences from the uploaded photo and replace the background with a sunlit savannah, preserving subject details and natural shadows.",@navedits,"Demoed in Flash 2.5 videos — trending for quick, high-quality photo cleanup and background replacements."
"Create a 6-panel comic storyboard from this headshot: generate consistent character art, short captions, and camera directions for each panel.",@navedits,Popular after creators showed 'images to fiction' workflows — great for turning portraits into storyboards.
"Ultra-realistic cinematic portrait: subject in a red saree under golden sunlight, soft bokeh, 85mm lens depth, film grain, high-resolution.",@jackros,From trending Gemini prompt lists — cinematic portraits remain viral for social and portfolio use.
"Convert these unorganized travel notes into a structured itinerary table with dates, locations, transport, accommodation, activities, and estimated costs.",@upwork,Productivity prompt from Upwork guide — trending for planning and travel organization.
"Add Pytest unit tests for this Python function (paste code), include edge cases and mocks for external calls, and provide test coverage suggestions.",@googleai,Gemini API gallery recommends unit testing prompts — widely used by developers seeking rapid test generation.
"Identify the time complexity of this function (paste code), suggest algorithmic optimizations, and provide a rewritten version with better Big-O where possible.",@googleai,From the Prompt Gallery — trending among devs for optimizing code and learning algorithmic improvements.
"Generate a floating tech product shot of earbuds on a pastel gradient, softbox lighting, 3/4 angle, remove dust and fingerprints, 8K commercial style.",@promptworld,"PromptWorld's 'Floating Tech Showcase' is trending in e‑commerce for creating clean, brand-ready product imagery."
Change ambient light of uploaded photo to 'evening' with warm tones and soft rim light while preserving facial features and shadow continuity.,@navedits,Commonly shown in Gemini Flash tutorials — trending for mood edits that feel natural and cinematic.
"Summarize this research paper into a 300-word abstract, list 3 key methods, 2 limitations, and 3 follow-up experiment ideas.",@upwork,Upwork and research prompts are trending for academic workflows and quickly extracting actionable summaries from papers.
"Convert this recipe image to JSON following schema: title, ingredients[], steps[], servings, cook_time, nutrition{calories,protein,fat,carbs}",@googleai,From Gemini prompt gallery; popular for structured recipe extraction from images.
"Teach me quadratic equations step-by-step: explain concepts, show 5 worked examples, and generate 10 practice problems with answers",@Upwork,Education/tutor prompt highlighted in Upwork and Gemini guides—widely used for learning and homework help.
"Add unit tests for the following Python function: [paste code]. Provide pytest-compatible tests covering normal cases and edge cases, with explanations",@googleai,Gemini API 'Unit Testing' prompt—trending among developers automating test generation.
"Edit this photo: remove distracting fence, change ambient light to evening, and convert result into a cinematic portrait (soft film grain, 85mm look)",@navedits_,"Inspired by Nano Banana image-editing demos; viral for quick, high-quality photo edits on mobile."
"Give me 10 blog post ideas about [topic] for [target audience], include a 60-char SEO title and three keywords for each idea",@ClickUp,Content-creation/SEO prompt from ClickUp and Upwork resources—favored by creators for idea generation.
"Rewrite the following article into a concise, persuasive LinkedIn post (≤300 words); keep facts intact and add a clear CTA",@ClickUp,Common productivity prompt for repurposing long-form content into platform-ready posts.
"Design a 30-day social media calendar for [brand]: daily post copy, suggested visuals, trending hashtags, and best posting times",@Upwork,Marketing prompt trending on Upwork and prompt libraries—used for campaign planning and scheduling.
"Summarize this research paper: list methodology, main results, limitations, and 3 follow-up research questions",@googleai,Research-assistant style prompt from Gemini gallery; popular among students and researchers for rapid literature triage.
"Write a complete product landing page for [product]: headline, hero subtext, three benefit-driven features, pricing options, and FAQ",@trend-bot,Widely reused prompt template for quickly prototyping marketing assets and A/B testing copy.
Extract tabular data from this image: define JSON schema (columns and types) then output rows as JSON matching the schema,@googleai,Image-to-JSON/table-extraction examples from Gemini docs—high demand for automating data-entry workflows.
"Recreate this photo as a 16‑bit video game character and place it in a 2D platform level with enemy, platform layout, and level objective.",@google,Nano Banana examples from Google's blog — viral for playful image→game conversions.
"Create a riveting 9‑part visual story with two protagonists as secret superheroes; produce image descriptions for each scene (no text on images) that convey emotional highs, a twist, and a cinematic arc.",@google,Based on Gemini Nano Banana story example — trending for serialized visual storytelling prompts.
"Act as a math tutor: teach quadratic equations with a concise lesson, 8 graduated practice problems, step‑by‑step solutions, common mistakes, and a 5‑question quiz with answers.",@trend-bot,Math tutor prompt from Gemini prompt gallery — high demand for interactive learning help.
"Convert this recipe photo or ingredient list into clean JSON following this schema: {title,ingredients:[{name,qty,unit}],steps:[{step_no,instruction}],prep_time,cook_time,servings}",@trend-bot,Gemini API prompt gallery trend — useful for structured data extraction and integrations.
"Scan my @gmail label 'B2B Prospects' from the last 3 months, summarize each thread, rank by engagement and conversion likelihood, and recommend prioritized follow‑ups with suggested email templates.",@trend-bot,From business-focused Gemini prompts — trending for sales triage and automation.
"Outline a 30‑day social media strategy to grow brand awareness among Gen Z: daily post themes, 3 caption templates, hashtag strategy, influencer outreach plan, and KPI targets.",@upwork,Upwork guide highlights marketing prompts — trending for Gen Z-focused campaigns and reusable calendars.
"Analyze this research paper (PDF link) and summarize the methodology, key results, statistical validity, limitations, and 3 suggested follow‑up experiments or analyses.",@trend-bot,Research assistant and summarization prompts are trending for fast literature reviews (Upwork/Gemini gallery).
"Given this Python function (paste code), generate pytest unit tests covering edge cases, identify its time and space complexity, and suggest two concrete optimizations with code patches.",@trend-bot,Unit testing and time‑complexity prompts from the Gemini prompt gallery — popular with developers.
"Create a cinematic 'Action Hero Spotlight' portrait prompt for Gemini image generation: include camera (50mm, f/1.8), dramatic rim lighting, leather wardrobe, moody orange‑teal grade, 16:9 crop, and poster composition notes.",@promptworld,PromptWorld lists cinematic portrait prompts as viral — widely reused for thumbnail and key‑art aesthetics.
"Turn these ingredients into a plated 5‑star modern dessert: provide a chef's tasting description, step‑by‑step recipe with modern techniques, plating diagram notes, and nutrition per serving.",@google,Inspired by Google's Nano Banana food/recipe examples — trending for culinary and food‑styling content.
"Turn this recipe image into JSON following this schema: {ingredients:[{name,quantity,unit}],steps:[{step_number,description}],cook_time,servings} — output only valid JSON.",@trend-bot,Trending for structured cooking workflows (Google Gemini 'Recipe to JSON' prompt gallery).
"You are a math tutor: teach me quadratic equations with step-by-step solutions, 3 practice problems of increasing difficulty, and a one-paragraph visual explanation suitable for high school students.",@trend-bot,Popular educational prompt for homework help and tutoring automation (Google prompt gallery).
"Analyze this Python function and generate pytest unit tests that cover normal cases, edge cases, and expected exceptions; include mock examples and brief test descriptions.",@trend-bot,Developers use this to automate test coverage generation (unit testing prompt trending).
"Summarize the key findings of this research paper (paste URL or upload PDF). Extract methodology, datasets, main results, and limitations in bullet points.",@trend-bot,Common research-assistant workflow for fast literature reviews and methodology extraction.
"Audit my Gmail for customer emails from the last 30 days, summarize the top 5 recurring issues, and draft prioritized follow-up email templates for each issue.",@trend-bot,Trend driven by Gemini integrations with Gmail to triage customer work (source: business prompt examples).
"Create a 30-day social media calendar for a Gen Z-targeted skincare brand: include post ideas, full captions, suggested hashtags, and weekly KPIs.",@trend-bot,High-demand marketing prompt for social strategy and content planning (Upwork/ClickUp guides).
"Convert this messy meeting transcript into a structured action-item table with columns: task, owner, due date, priority, and short context summary.",@trend-bot,Productivity prompt widely used to turn transcripts into executable tasks and follow-ups.
"Given this product description, generate three SEO-optimized blog titles, three meta descriptions (under 160 chars), and a list of 5 target keywords with search intent notes.",@trend-bot,E-commerce and content teams use this to speed up SEO content creation (ClickUp/marketing lists).
"Edit this uploaded image: remove background, change ambient lighting to 'golden hour', create three stylistic variations (warm film, cinematic teal-orange, soft pastel), and list the exact prompts used for each variation.",@navedits,Reflects Nano Banana / Gemini app image-editing trends and viral YouTube workflows (NavEdits examples).
"Draft a tailored LinkedIn job post to hire a remote content writer for a SaaS company: include role summary, responsibilities, required skills, salary range, benefits, and five interview questions.",@trend-bot,Hiring-template prompt trending among startups and recruiters (Upwork and business prompt collections).
"Teach me a lesson on quadratic equations: explain the concept, show 3 solved example problems step-by-step, and provide 5 practice questions with answers and hints.",@google-ai,Classic Gemini education prompt from the official prompt gallery — widely reused by students and tutors.
"Given this Python function [paste code], identify its time complexity (big-O), suggest algorithmic optimizations, and provide an improved version with explanation of trade-offs.",@google-ai,Trending for interview prep and performance tuning (gallery example: time complexity analysis).
"Write pytest unit tests for the following Python function: [paste function]. Include edge cases, parameterized tests, and any necessary fixtures.",@google-ai,Popular developer prompt from the Gemini cookbook for automating test coverage.
"Convert this recipe text into JSON using this schema: {title,ingredients:[{name,quantity,unit}],steps:[{step_number,description}],servings,time_minutes}. Use the values from: [paste recipe].",@google-ai,Recipe-to-JSON is a high-utility structured-output prompt from Google's Prompt Gallery.
"Generate 10 blog post ideas and short outlines for [topic] aimed at [target audience]; include an SEO title, three subheadings, and a suggested 150-character meta description for each.",@upwork,Upwork and content teams widely share this format for fast content planning and SEO-friendly drafts.
"Analyze my Gmail (label: B2B Prospects) for the last 3 months: summarize each thread, rank leads by engagement, and draft 5 prioritized follow-up message templates.",@godofprompt,Emerging workflow prompt leveraging Gemini's mailbox integrations — highlighted by godofprompt.ai for sales automation.
"You are a marketing writer: create five ad-copy variations (short, medium, long) for [product], each targeted to a different customer persona and ending with a clear CTA.",@google-ai,High-demand prompt for rapid A/B testing and creative briefs (featured in Gemini prompt lists).
"Summarize this research paper [paste link or abstract]: list the research question, methodology summary, key results, limitations, and propose three follow-up experiments or study directions.",@upwork,Common research-assistant prompt recommended for literature reviews and grant/scoping work.
"Rewrite the following email to be concise and professional for an executive audience; preserve facts, reduce length to ~100–150 words, and provide a one-line subject suggestion.",@clickup,Widely used productivity prompt to improve communication effectiveness (from ClickUp-style prompt guides).
"Convert this natural-language pattern into a regular expression: [describe pattern]. Provide the regex, explain each component, and give three example strings that match and three that do not.",@google-ai,"'Regexed' prompt from the Gemini gallery — trending among developers needing quick, explainable regex solutions."
Give me 10 blog post ideas related to [topic] that are engaging for [target audience],@clickup,Popular ClickUp prompt for overcoming writer's block and widely shared in productivity guides
"Write a 500-word article on [topic] with an introduction, three subheadings, and a concise conclusion",@upwork,Recommended by Upwork as a clear instruction to get structured long-form content
"Create a LinkedIn job post template to hire a remote content writer for my SaaS company, include responsibilities, skills, and screening questions",@upwork,Common hiring prompt from Upwork guides used to speed recruiting copywriting
Summarize the key arguments and conclusions of the latest IPCC report on climate change and list three policy implications,@upwork,Research-style prompt trending for extracting concise insights from major reports
"Analyze my Gmail for conversations labeled 'B2B Prospects' in the last 3 months, rank them by engagement, and recommend prioritized follow-ups",@godofprompt,Popular business-operational prompt for sales triage cited by GodOfPrompt
"Convert this natural-language constraint into a regex: [describe constraint], and explain each part of the pattern",@googleai,From Google's Prompt Gallery (Regexed); trending for developer automation tasks
"Given this article or PDF URL, summarize the key points and produce a five-item action checklist for a non-expert reader",@clickup,Frequent productivity prompt that helps turn long content into actionable steps
"Draft a five-step email nurture sequence for [product], each email with a subject line, 2-sentence preview, and a single CTA",@googleworkspace,Workflow prompt from Google Workspace marketing examples for lead nurturing
"Conduct market research on [industry], list five emerging trends with one source each and recommended tactical next steps",@promptworld,Trend-focused prompt; PromptWorld notes such prompts go viral when tied to actionable outputs
"Create a 45-minute lesson plan to teach quadratic equations to 9th graders with learning objectives, three example problems, and answer key",@googleai,From Google API prompt gallery (Math Tutor/Worksheet Generator); trending among educators
Generate 10 blog post ideas related to [topic] that are interesting and engaging for [target audience].,@trend-bot,High-use content-ideation prompt cited in ClickUp; great for beating writer's block
Write a 500-word article on [topic] targeted to [audience] and include these SEO keywords: [keywords].,@trend-bot,Clear length + SEO instructions recommended by Upwork guides for consistent output
Summarize the key findings and policy recommendations from the latest IPCC report in 6 bullet points.,@trend-bot,Research/summarization prompt from Upwork's Gemini examples — trending for rapid briefing
"Create a 5-email nurture sequence for [product], including subject lines, preview text, and CTAs for segments [segment A],[segment B].",@trend-bot,Marketing automation prompt highlighted in Google Workspace resources for campaign-ready copy
"Convert this recipe text into JSON following this schema: {name, ingredients:[{item,quantity}], steps:[{step}], servings, cook_time} — [paste recipe]",@trend-bot,Developer-friendly 'Recipe to JSON' prompt from Google AI Gemini prompt gallery
"You are a senior product manager. Draft a one-page PRD for [feature] including user problem, success metrics, user stories, and rollout plan.",@trend-bot,Business/product prompt format recommended across Upwork/Workspace for fast product docs
"Given this meeting transcript: [paste], summarize action items, owners, and deadlines in a table.",@trend-bot,Popular for Gemini in Meet note-taking and post-meeting follow-ups in Google Workspace examples
"Create five creative social media captions and three image concept prompts for a [product] launch aimed at Gen Z, with hashtags and suggested posting times.",@trend-bot,Combines ClickUp and Workspace marketing examples; trending for launch-ready social content
"Explain quadratic equations and generate a worksheet of 10 problems with answers, ordered easy→hard.",@trend-bot,Education-focused prompt from Gemini API cookbook (Math Tutor/Worksheet Generator) — widely used by teachers
Turn this photo description [describe image] into a 6-panel comic storyboard outline with short scene captions and suggested camera angles (text only).,@trend-bot,Inspired by Nano Banana comic examples — trending among creators for storyboarding and image-edit planning
"Generate 10 blog post ideas related to [topic] for a [target audience], each with a one-sentence angle and a suggested SEO keyword.",@upwork,From Upwork's Gemini prompt list — trending for content ideation and productivity.
"Summarize this email thread and extract action items, owners, deadlines, and a suggested one-paragraph reply.",@tomsguide,Popular daily workflow prompt highlighted by Tom's Guide for faster inbox catch-up.
"Look at this photo of my pantry [upload image] and create three balanced dinner recipes, plus a shopping list for missing ingredients and estimated costs.",@tomsguide,Real-world visual-to-text prompt Tom's Guide called a game changer for quick meal planning.
"Act as a senior marketing consultant and draft a 6-week launch plan for a new mobile app targeting Gen Z, including KPIs, channel mix, sample ad copy, and a 3-email nurture sequence.",@google-workspace,Example workflow from Gemini in Workspace; trending for campaign planning and cross-product prompts.
"Convert this recipe into a JSON object using schema {title,ingredients:[{name,quantity,unit}],steps:[{stepNumber,text}],servings,prepTime}. Normalize units and ingredient names.",@google-ai,Directly from the Gemini API prompt gallery (Recipe to JSON) — trending for structured outputs.
"Given this Python function, add unit tests covering edge cases, provide the test code and a brief explanation of each test and expected result.",@google-ai,Gemini API 'Unit Testing' recipe — popular among devs for automating test generation.
"Rewrite the following message in a more professional, concise tone suitable for an executive update (max 150 words): [paste message].",@clickup,ClickUp and other productivity guides highlight rewriting prompts for clearer workplace communication.
"Create 5 A/B variations of ad headlines and descriptions for [product], optimized for paid search, and suggest 3 negative keywords and audience segments for each variation.",@upwork,Marketing prompt from Upwork's Gemini examples — trending for performance marketers and SEM.
"Explain [complex topic] like I'm 10 years old, then provide a 3-step learning path and three beginner resources (book, article, video).",@tomsguide,Tom's Guide lists 'explain like I'm 10' as a high-value learning prompt for quick comprehension.
"Analyze this image [upload image], list identifiable objects with counts and confidence scores, and output a structured inventory table plus three creative social-post use cases.",@google-ai,From the Gemini prompt gallery ('List items from image' / 'Object identifier') — trending for image-to-text and content repurposing.
"Generate 10 blog post ideas related to [topic] that are engaging for [target audience], include 5 SEO keywords and 5 suggested titles.",@trend-bot,High-usage content prompt from ClickUp-style lists — trending for overcoming writer's block and SEO planning.
"Draft a LinkedIn job post for a remote content writer for a SaaS company: include role summary, responsibilities, required skills, salary band, and 3 screening questions.",@trend-bot,Derived from Upwork examples — popular for hiring and standardizing job descriptions.
"Create a 5-step digital marketing strategy to increase sales for my Etsy shop selling customized gift cards; include channels, a 4-week sample campaign, sample ad copy, and KPIs.",@trend-bot,Mirrors Upwork/Workspace marketing prompts — trending among small ecommerce sellers and creators.
"Summarize the key findings and actionable recommendations from the latest IPCC (or other major) climate report in 300 words, and list 3 policy or business actions.",@trend-bot,Research-focused prompt from Upwork/ClickUp — trending when major reports publish and for concise briefings.
"Analyze my Gmail labeled 'B2B Prospects' from the past 3 months: summarize top 5 leads, rank by engagement, and recommend next-step outreach with suggested messages.",@trend-bot,From GodOfPrompt-style automation prompts — trending for sales enablement and email triage.
"Review my resume (paste text) and suggest a revised LinkedIn headline, a 75-word profile summary, and 3 achievement bullets rewritten with metrics.",@trend-bot,Popular personal-branding prompt from GodOfPrompt resources — trending for jobseekers and recruiters.
Generate 5 A/B test ad copy variations and 5 email subject line options for a nurture campaign promoting [product]; include target segment and CTA per variant.,@trend-bot,Inspired by Google Workspace marketing flows — trending for fast campaign ideation and optimization.
"Translate this text: [paste text] into [language], preserving tone and idioms for [audience], then provide a brief localization note and two alternative phrasings.",@trend-bot,Simple but high-demand prompt (ClickUp/Upwork) — trending for internationalization and localization tasks.
"Act as a math tutor and teach quadratic equations: give a step-by-step lesson, 5 solved examples (varying difficulty), and a 5-question quiz with answers.",@trend-bot,From Google AI prompt gallery (Math Tutor) — trending in education and homework help use cases.
Summarize this meeting transcript (paste) into a 100-word executive summary and a 5-item action list with owners and deadlines.,@trend-bot,"Based on Gemini in Meet examples (Workspace) — trending for teams wanting quick, actionable meeting outputs."
Look at this photo of my pantry [upload image] and create three balanced dinner recipes I can make with what's on these shelves. Include a shopping list for missing ingredients and estimated cook times.,@trend-bot,Image-to-recipe prompts are trending for convenience and meal-planning; popularized in Tom's Guide.
"Here's a picture of my living room [upload image]. Suggest three design makeovers — one minimal, one cozy, and one modern — and create a shopping list with estimated costs for each style.",@trend-bot,Interior-design-from-photo prompts are viral as users test quick makeovers and cost estimates (Tom's Guide example).
"Upload my portrait and transform it into a 3D collectible-style figurine or animated character, keeping facial features natural and providing three style variations and color palettes.",@trend-bot,"Nano Banana / 3D figurine edits are widely shared on social platforms, driving a surge in character-transformation prompts (QuillBot, viral trend)."
"Edit this photo: remove distracting background elements, change ambient lighting to 'evening', replace the vehicle with a futuristic car, and generate a step-by-step change log and final image options.",@trend-bot,"Advanced image-editing prompts (background replace, ambient light) are trending thanks to Gemini Nano Banana demos (YouTube NavEdits)."
"Summarize the key points from this email thread [paste thread], list action items, and prioritize them by urgency and business impact.",@trend-bot,Email triage and summarization save time for busy users—featured across guides and Workspace integrations.
"Rewrite this message in a [tone/style] that's more [professional/casual/persuasive], keep it under 150 words, and provide two alternative subject lines.",@trend-bot,Tone-adjustment and copy-polish prompts are high-utility for workplace communication (Upwork/ClickUp examples).
"Brainstorm 10 creative social media post ideas and five short captions with hashtags to promote [product/service] to Gen Z, include suggested posting times and one A/B test variation.",@trend-bot,"Social-marketing prompts remain popular for creators and small businesses aiming for engagement (Upwork, Workspace marketing recipes)."
"Analyze this web page or document [paste link] and generate 10 SEO-friendly blog titles, meta descriptions, and a 500-word article outline tailored to [target audience].",@trend-bot,"Content/SEO generation prompts are trending for rapid content production and optimization (ClickUp, Upwork resources)."
"Act as a career coach: given my role, current salary, achievements, and target increase, provide a negotiation script, rebuttals to common manager responses, and next-step follow-up emails.",@trend-bot,"Roleplay/advice prompts (career coach, therapist, expert) are frequently used for personalized guidance (Tom's Guide noted roleplay utility)."
"Convert this recipe image or ingredient list into structured JSON using schema {name, ingredients[], steps[], servings, prep_time, nutrition}, and flag any missing info.",@trend-bot,'Recipe to JSON' and schema-conversion prompts come from the Gemini API prompt gallery and are popular for developers and automation.
